"year","activity","employment","output"
2009,"CNST_main_xxx",23,3690346
2009,"CNST_nres_xxx",41,6542617
2009,"CNST_offc_off",72,0
2009,"CNST_othr_xxx",50,8729002
2009,"CNST_res_xxx",27,6740919
2009,"ENGY_elec_hi",5,8621277
2009,"ENGY_ngas_hi",1,3603146
2009,"ENGY_offc_off",25,0
2009,"ENGY_ptrl_hi",9,4631318
2009,"ENT_ent_ret",79,3571715
2009,"FIRE_fnin_off",150,31902799
2009,"FIRE_real_off",139,15446998
2009,"GOV_admn_gov",102,19036837
2009,"GOV_offc_off",163,0
2009,"HIED_hied_off_inst",80,4569757
2009,"HLTH_care_inst",68,3849533
2009,"HLTH_hosp_hosp",89,12295008
2009,"HLTH_othr_off_li",151,18144155
2009,"HOSP_acc_acc",36,3539955
2009,"HOSP_eat_ret_acc",219,12374280
2009,"INFO_info_off",48,0
2009,"INFO_info_off_li",10,15239006
2009,"K12_k12_k12",168,12626084
2009,"K12_k12_off",57,0
2009,"MFG_food_hi",15,10829729
2009,"MFG_food_li",15,10829729
2009,"MFG_htec_hi",4,13063888
2009,"MFG_htec_li",3,13063888
2009,"MFG_hvtw_hi",23,14441531
2009,"MFG_hvtw_li",23,14441531
2009,"MFG_lvtw_hi",12,12978764
2009,"MFG_offc_off",147,0
2009,"MFG_wdppr_hi",26,11847956
2009,"RES_agmin_ag",98,16903898
2009,"RES_forst_log",8,2519145
2009,"RES_offc_off",63,0
2009,"RET_auto_ret",99,7439574
2009,"RET_nstor_off",46,2193797
2009,"RET_stor_off",57,0
2009,"RET_stor_ret",229,16026845
2009,"SERV_bus_off",173,14387505
2009,"SERV_home_xxx",55,456868
2009,"SERV_nonp_off_inst",133,9376816
2009,"SERV_site_li",67,5828887
2009,"SERV_stor_ret",81,5164733
2009,"SERV_tech_off",219,22817589
2009,"TRNS_trns_off",45,0
2009,"TRNS_trns_ware",67,14723200
2009,"UTL_othr_off",15,0
2009,"UTL_othr_off_li",18,8378149
2009,"WHSL_offc_off",28,0
2009,"WHSL_whsl_ware",86,19829593
2010,"CNST_main_xxx",21,3305802
2010,"CNST_nres_xxx",37,5667002
2010,"CNST_offc_off",66,0
2010,"CNST_othr_xxx",46,7560679
2010,"CNST_res_xxx",25,6480138
2010,"ENGY_elec_hi",5,8856550
2010,"ENGY_ngas_hi",1,3663257
2010,"ENGY_offc_off",24,0
2010,"ENGY_ptrl_hi",8,4738554
2010,"ENT_ent_ret",79,3581572
2010,"FIRE_fnin_off",147,31833993
2010,"FIRE_real_off",136,15531665
2010,"GOV_admn_gov",103,19139548
2010,"GOV_offc_off",164,0
2010,"HIED_hied_off_inst",81,4533886
2010,"HLTH_care_inst",70,3906428
2010,"HLTH_hosp_hosp",90,12475368
2010,"HLTH_othr_off_li",154,18409768
2010,"HOSP_acc_acc",36,3551396
2010,"HOSP_eat_ret_acc",218,12415381
2010,"INFO_info_off",47,0
2010,"INFO_info_off_li",10,15425260
2010,"K12_k12_k12",167,12292723
2010,"K12_k12_off",57,0
2010,"MFG_food_hi",15,11337772
2010,"MFG_food_li",15,11337772
2010,"MFG_htec_hi",4,13375255
2010,"MFG_htec_li",3,13375255
2010,"MFG_hvtw_hi",22,14521121
2010,"MFG_hvtw_li",22,14521121
2010,"MFG_lvtw_hi",11,13095482
2010,"MFG_offc_off",144,0
2010,"MFG_wdppr_hi",25,11313818
2010,"RES_agmin_ag",98,17479467
2010,"RES_forst_log",8,2599550
2010,"RES_offc_off",62,0
2010,"RET_auto_ret",98,7596404
2010,"RET_nstor_off",46,2279544
2010,"RET_stor_off",57,0
2010,"RET_stor_ret",228,16652572
2010,"SERV_bus_off",176,14444328
2010,"SERV_home_xxx",54,453333
2010,"SERV_nonp_off_inst",134,9313498
2010,"SERV_site_li",67,5856365
2010,"SERV_stor_ret",81,5146556
2010,"SERV_tech_off",220,23219697
2010,"TRNS_trns_off",45,0
2010,"TRNS_trns_ware",65,14985267
2010,"UTL_othr_off",15,0
2010,"UTL_othr_off_li",18,8524434
2010,"WHSL_offc_off",27,0
2010,"WHSL_whsl_ware",84,20279744
2011,"CNST_main_xxx",21,3324818
2011,"CNST_nres_xxx",38,5567242
2011,"CNST_offc_off",66,0
2011,"CNST_othr_xxx",46,7427993
2011,"CNST_res_xxx",25,6819295
2011,"ENGY_elec_hi",5,9160187
2011,"ENGY_ngas_hi",1,3833198
2011,"ENGY_offc_off",24,0
2011,"ENGY_ptrl_hi",9,4948812
2011,"ENT_ent_ret",80,3675190
2011,"FIRE_fnin_off",147,32093981
2011,"FIRE_real_off",135,15692495
2011,"GOV_admn_gov",101,19457260
2011,"GOV_offc_off",161,0
2011,"HIED_hied_off_inst",82,4579430
2011,"HLTH_care_inst",71,4019887
2011,"HLTH_hosp_hosp",92,12836479
2011,"HLTH_othr_off_li",157,18942160
2011,"HOSP_acc_acc",36,3642449
2011,"HOSP_eat_ret_acc",222,12750824
2011,"INFO_info_off",47,0
2011,"INFO_info_off_li",10,15668917
2011,"K12_k12_k12",166,12142987
2011,"K12_k12_off",57,0
2011,"MFG_food_hi",15,11835604
2011,"MFG_food_li",15,11835604
2011,"MFG_htec_hi",4,13708730
2011,"MFG_htec_li",3,13708730
2011,"MFG_hvtw_hi",23,15373799
2011,"MFG_hvtw_li",23,15373799
2011,"MFG_lvtw_hi",12,13891119
2011,"MFG_offc_off",148,0
2011,"MFG_wdppr_hi",25,11137136
2011,"RES_agmin_ag",102,18200118
2011,"RES_forst_log",8,2775096
2011,"RES_offc_off",64,0
2011,"RET_auto_ret",99,7859431
2011,"RET_nstor_off",46,2394413
2011,"RET_stor_off",57,0
2011,"RET_stor_ret",230,17502001
2011,"SERV_bus_off",184,14703021
2011,"SERV_home_xxx",55,460958
2011,"SERV_nonp_off_inst",136,9475501
2011,"SERV_site_li",68,5952674
2011,"SERV_stor_ret",82,5234255
2011,"SERV_tech_off",226,23786417
2011,"TRNS_trns_off",46,0
2011,"TRNS_trns_ware",67,15290773
2011,"UTL_othr_off",15,0
2011,"UTL_othr_off_li",18,8686255
2011,"WHSL_offc_off",27,0
2011,"WHSL_whsl_ware",85,21152974
2012,"CNST_main_xxx",21,3361807
2012,"CNST_nres_xxx",38,5491101
2012,"CNST_offc_off",67,0
2012,"CNST_othr_xxx",46,7326271
2012,"CNST_res_xxx",25,7209679
2012,"ENGY_elec_hi",5,9540366
2012,"ENGY_ngas_hi",1,4025545
2012,"ENGY_offc_off",25,0
2012,"ENGY_ptrl_hi",9,5079257
2012,"ENT_ent_ret",82,3778900
2012,"FIRE_fnin_off",149,32468910
2012,"FIRE_real_off",137,15805392
2012,"GOV_admn_gov",101,19904659
2012,"GOV_offc_off",161,0
2012,"HIED_hied_off_inst",82,4624228
2012,"HLTH_care_inst",73,4123178
2012,"HLTH_hosp_hosp",94,13169836
2012,"HLTH_othr_off_li",161,19435505
2012,"HOSP_acc_acc",37,3748884
2012,"HOSP_eat_ret_acc",227,13139690
2012,"INFO_info_off",47,0
2012,"INFO_info_off_li",10,15671705
2012,"K12_k12_k12",163,12188717
2012,"K12_k12_off",56,0
2012,"MFG_food_hi",16,12091010
2012,"MFG_food_li",16,12091010
2012,"MFG_htec_hi",4,14850910
2012,"MFG_htec_li",4,14850910
2012,"MFG_hvtw_hi",23,16253758
2012,"MFG_hvtw_li",24,16253758
2012,"MFG_lvtw_hi",12,14571398
2012,"MFG_offc_off",152,0
2012,"MFG_wdppr_hi",26,11115498
2012,"RES_agmin_ag",103,19224478
2012,"RES_forst_log",9,2792537
2012,"RES_offc_off",66,0
2012,"RET_auto_ret",101,8080344
2012,"RET_nstor_off",47,2473244
2012,"RET_stor_off",58,0
2012,"RET_stor_ret",233,18152725
2012,"SERV_bus_off",190,15143537
2012,"SERV_home_xxx",56,476072
2012,"SERV_nonp_off_inst",138,9773899
2012,"SERV_site_li",71,6068884
2012,"SERV_stor_ret",83,5375613
2012,"SERV_tech_off",233,24749920
2012,"TRNS_trns_off",47,0
2012,"TRNS_trns_ware",69,15506384
2012,"UTL_othr_off",15,0
2012,"UTL_othr_off_li",18,8899437
2012,"WHSL_offc_off",28,0
2012,"WHSL_whsl_ware",88,21700244
2013,"CNST_main_xxx",22,3567525
2013,"CNST_nres_xxx",40,5658816
2013,"CNST_offc_off",71,0
2013,"CNST_othr_xxx",49,7549258
2013,"CNST_res_xxx",27,8033789
2013,"ENGY_elec_hi",5,9975490
2013,"ENGY_ngas_hi",1,4280213
2013,"ENGY_offc_off",25,0
2013,"ENGY_ptrl_hi",9,5256153
2013,"ENT_ent_ret",84,3937571
2013,"FIRE_fnin_off",152,33719606
2013,"FIRE_real_off",141,16273133
2013,"GOV_admn_gov",100,20131807
2013,"GOV_offc_off",160,0
2013,"HIED_hied_off_inst",81,4776353
2013,"HLTH_care_inst",74,4259507
2013,"HLTH_hosp_hosp",96,13597288
2013,"HLTH_othr_off_li",164,20063085
2013,"HOSP_acc_acc",38,3866645
2013,"HOSP_eat_ret_acc",232,13592685
2013,"INFO_info_off",48,0
2013,"INFO_info_off_li",10,16190834
2013,"K12_k12_k12",163,12616783
2013,"K12_k12_off",56,0
2013,"MFG_food_hi",16,12296859
2013,"MFG_food_li",16,12296859
2013,"MFG_htec_hi",4,16051741
2013,"MFG_htec_li",4,16051741
2013,"MFG_hvtw_hi",24,17101269
2013,"MFG_hvtw_li",24,17101269
2013,"MFG_lvtw_hi",12,15003029
2013,"MFG_offc_off",156,0
2013,"MFG_wdppr_hi",29,11398247
2013,"RES_agmin_ag",104,19925411
2013,"RES_forst_log",9,2680755
2013,"RES_offc_off",66,0
2013,"RET_auto_ret",103,8313749
2013,"RET_nstor_off",48,2536872
2013,"RET_stor_off",59,0
2013,"RET_stor_ret",237,18648749
2013,"SERV_bus_off",198,15689983
2013,"SERV_home_xxx",57,493116
2013,"SERV_nonp_off_inst",141,10132713
2013,"SERV_site_li",74,6199270
2013,"SERV_stor_ret",85,5556156
2013,"SERV_tech_off",240,25406092
2013,"TRNS_trns_off",49,0
2013,"TRNS_trns_ware",72,15968018
2013,"UTL_othr_off",16,0
2013,"UTL_othr_off_li",19,9098846
2013,"WHSL_offc_off",29,0
2013,"WHSL_whsl_ware",90,22453770
2014,"CNST_main_xxx",25,3886227
2014,"CNST_nres_xxx",44,6133275
2014,"CNST_offc_off",78,0
2014,"CNST_othr_xxx",53,8181849
2014,"CNST_res_xxx",29,8822009
2014,"ENGY_elec_hi",5,10411644
2014,"ENGY_ngas_hi",1,4520142
2014,"ENGY_offc_off",26,0
2014,"ENGY_ptrl_hi",9,5460113
2014,"ENT_ent_ret",84,4147392
2014,"FIRE_fnin_off",152,34807112
2014,"FIRE_real_off",142,16691033
2014,"GOV_admn_gov",100,20492541
2014,"GOV_offc_off",160,0
2014,"HIED_hied_off_inst",81,4965328
2014,"HLTH_care_inst",76,4468191
2014,"HLTH_hosp_hosp",99,14259260
2014,"HLTH_othr_off_li",168,21038142
2014,"HOSP_acc_acc",38,4007762
2014,"HOSP_eat_ret_acc",235,14135965
2014,"INFO_info_off",48,0
2014,"INFO_info_off_li",10,16637219
2014,"K12_k12_k12",164,13148142
2014,"K12_k12_off",56,0
2014,"MFG_food_hi",16,12578020
2014,"MFG_food_li",16,12578020
2014,"MFG_htec_hi",4,16780958
2014,"MFG_htec_li",4,16780958
2014,"MFG_hvtw_hi",24,17917289
2014,"MFG_hvtw_li",25,17917289
2014,"MFG_lvtw_hi",12,15245761
2014,"MFG_offc_off",159,0
2014,"MFG_wdppr_hi",30,11912807
2014,"RES_agmin_ag",102,20544289
2014,"RES_forst_log",10,2677037
2014,"RES_offc_off",66,0
2014,"RET_auto_ret",104,8575834
2014,"RET_nstor_off",49,2591543
2014,"RET_stor_off",60,0
2014,"RET_stor_ret",240,19084353
2014,"SERV_bus_off",210,16476097
2014,"SERV_home_xxx",57,511360
2014,"SERV_nonp_off_inst",143,10509242
2014,"SERV_site_li",77,6386178
2014,"SERV_stor_ret",86,5743891
2014,"SERV_tech_off",253,26040719
2014,"TRNS_trns_off",50,0
2014,"TRNS_trns_ware",74,16414232
2014,"UTL_othr_off",16,0
2014,"UTL_othr_off_li",19,9334125
2014,"WHSL_offc_off",30,0
2014,"WHSL_whsl_ware",92,23313244
2015,"CNST_main_xxx",27,4136788
2015,"CNST_nres_xxx",48,6612065
2015,"CNST_offc_off",84,0
2015,"CNST_othr_xxx",58,8820583
2015,"CNST_res_xxx",32,9200882
2015,"ENGY_elec_hi",5,10865392
2015,"ENGY_ngas_hi",1,4755396
2015,"ENGY_offc_off",26,0
2015,"ENGY_ptrl_hi",9,5640712
2015,"ENT_ent_ret",84,4306752
2015,"FIRE_fnin_off",153,35948132
2015,"FIRE_real_off",144,17056428
2015,"GOV_admn_gov",101,20946866
2015,"GOV_offc_off",160,0
2015,"HIED_hied_off_inst",81,5172518
2015,"HLTH_care_inst",78,4665612
2015,"HLTH_hosp_hosp",101,14887546
2015,"HLTH_othr_off_li",172,21964412
2015,"HOSP_acc_acc",38,4134968
2015,"HOSP_eat_ret_acc",236,14612002
2015,"INFO_info_off",49,0
2015,"INFO_info_off_li",10,17029144
2015,"K12_k12_k12",163,13693142
2015,"K12_k12_off",56,0
2015,"MFG_food_hi",16,12892413
2015,"MFG_food_li",16,12892413
2015,"MFG_htec_hi",4,17920666
2015,"MFG_htec_li",4,17920666
2015,"MFG_hvtw_hi",25,18637278
2015,"MFG_hvtw_li",25,18637278
2015,"MFG_lvtw_hi",12,15534053
2015,"MFG_offc_off",161,0
2015,"MFG_wdppr_hi",32,12491374
2015,"RES_agmin_ag",101,21113339
2015,"RES_forst_log",10,2744217
2015,"RES_offc_off",64,0
2015,"RET_auto_ret",104,8879238
2015,"RET_nstor_off",49,2661516
2015,"RET_stor_off",60,0
2015,"RET_stor_ret",243,19654434
2015,"SERV_bus_off",221,17370817
2015,"SERV_home_xxx",58,530918
2015,"SERV_nonp_off_inst",146,10906417
2015,"SERV_site_li",80,6578465
2015,"SERV_stor_ret",87,5937651
2015,"SERV_tech_off",263,27057248
2015,"TRNS_trns_off",51,0
2015,"TRNS_trns_ware",75,16798558
2015,"UTL_othr_off",16,0
2015,"UTL_othr_off_li",19,9586388
2015,"WHSL_offc_off",30,0
2015,"WHSL_whsl_ware",94,24073085
2016,"CNST_main_xxx",28,4247422
2016,"CNST_nres_xxx",50,6864993
2016,"CNST_offc_off",88,0
2016,"CNST_othr_xxx",60,9158013
2016,"CNST_res_xxx",33,9273571
2016,"ENGY_elec_hi",5,11262576
2016,"ENGY_ngas_hi",1,4974366
2016,"ENGY_offc_off",26,0
2016,"ENGY_ptrl_hi",10,5804332
2016,"ENT_ent_ret",84,4430468
2016,"FIRE_fnin_off",153,37026835
2016,"FIRE_real_off",145,17452033
2016,"GOV_admn_gov",101,21350465
2016,"GOV_offc_off",161,0
2016,"HIED_hied_off_inst",82,5366718
2016,"HLTH_care_inst",80,4832496
2016,"HLTH_hosp_hosp",104,15424298
2016,"HLTH_othr_off_li",177,22758029
2016,"HOSP_acc_acc",38,4246573
2016,"HOSP_eat_ret_acc",237,15027711
2016,"INFO_info_off",50,0
2016,"INFO_info_off_li",10,17438632
2016,"K12_k12_k12",164,14209755
2016,"K12_k12_off",56,0
2016,"MFG_food_hi",16,13167247
2016,"MFG_food_li",16,13167247
2016,"MFG_htec_hi",4,19178866
2016,"MFG_htec_li",4,19178866
2016,"MFG_hvtw_hi",25,19258233
2016,"MFG_hvtw_li",25,19258233
2016,"MFG_lvtw_hi",12,15875229
2016,"MFG_offc_off",163,0
2016,"MFG_wdppr_hi",32,12818989
2016,"RES_agmin_ag",99,21736728
2016,"RES_forst_log",9,2839080
2016,"RES_offc_off",64,0
2016,"RET_auto_ret",105,9210594
2016,"RET_nstor_off",50,2749790
2016,"RET_stor_off",61,0
2016,"RET_stor_ret",246,20367449
2016,"SERV_bus_off",231,18020276
2016,"SERV_home_xxx",58,547740
2016,"SERV_nonp_off_inst",148,11236621
2016,"SERV_site_li",83,6709649
2016,"SERV_stor_ret",88,6103903
2016,"SERV_tech_off",271,28175375
2016,"TRNS_trns_off",53,0
2016,"TRNS_trns_ware",77,17168975
2016,"UTL_othr_off",16,0
2016,"UTL_othr_off_li",20,9771836
2016,"WHSL_offc_off",31,0
2016,"WHSL_whsl_ware",95,24763468
2017,"CNST_main_xxx",28,4303946
2017,"CNST_nres_xxx",51,6995852
2017,"CNST_offc_off",90,0
2017,"CNST_othr_xxx",62,9332454
2017,"CNST_res_xxx",34,9306887
2017,"ENGY_elec_hi",5,11688226
2017,"ENGY_ngas_hi",1,5206728
2017,"ENGY_offc_off",26,0
2017,"ENGY_ptrl_hi",10,5975803
2017,"ENT_ent_ret",84,4537734
2017,"FIRE_fnin_off",154,38092742
2017,"FIRE_real_off",146,17884891
2017,"GOV_admn_gov",101,21741822
2017,"GOV_offc_off",162,0
2017,"HIED_hied_off_inst",82,5547471
2017,"HLTH_care_inst",82,5007002
2017,"HLTH_hosp_hosp",107,15977935
2017,"HLTH_othr_off_li",181,23573546
2017,"HOSP_acc_acc",38,4338811
2017,"HOSP_eat_ret_acc",237,15359794
2017,"INFO_info_off",51,0
2017,"INFO_info_off_li",10,17900756
2017,"K12_k12_k12",165,14682136
2017,"K12_k12_off",56,0
2017,"MFG_food_hi",16,13415456
2017,"MFG_food_li",16,13415456
2017,"MFG_htec_hi",4,20632888
2017,"MFG_htec_li",4,20632888
2017,"MFG_hvtw_hi",25,19972585
2017,"MFG_hvtw_li",25,19972585
2017,"MFG_lvtw_hi",13,16302017
2017,"MFG_offc_off",164,0
2017,"MFG_wdppr_hi",32,12956895
2017,"RES_agmin_ag",97,22332110
2017,"RES_forst_log",9,2925116
2017,"RES_offc_off",62,0
2017,"RET_auto_ret",105,9566238
2017,"RET_nstor_off",51,2830560
2017,"RET_stor_off",62,0
2017,"RET_stor_ret",249,21013275
2017,"SERV_bus_off",240,18634967
2017,"SERV_home_xxx",58,563999
2017,"SERV_nonp_off_inst",151,11570682
2017,"SERV_site_li",85,6846091
2017,"SERV_stor_ret",90,6273479
2017,"SERV_tech_off",277,29201274
2017,"TRNS_trns_off",54,0
2017,"TRNS_trns_ware",79,17577103
2017,"UTL_othr_off",17,0
2017,"UTL_othr_off_li",20,9981557
2017,"WHSL_offc_off",31,0
2017,"WHSL_whsl_ware",97,25487854
2018,"CNST_main_xxx",29,4353325
2018,"CNST_nres_xxx",52,7102007
2018,"CNST_offc_off",91,0
2018,"CNST_othr_xxx",63,9474105
2018,"CNST_res_xxx",35,9354691
2018,"ENGY_elec_hi",5,12127515
2018,"ENGY_ngas_hi",1,5435935
2018,"ENGY_offc_off",27,0
2018,"ENGY_ptrl_hi",10,6143306
2018,"ENT_ent_ret",84,4649487
2018,"FIRE_fnin_off",154,39338840
2018,"FIRE_real_off",147,18404431
2018,"GOV_admn_gov",102,22116638
2018,"GOV_offc_off",163,0
2018,"HIED_hied_off_inst",82,5732149
2018,"HLTH_care_inst",84,5178679
2018,"HLTH_hosp_hosp",109,16521240
2018,"HLTH_othr_off_li",185,24373291
2018,"HOSP_acc_acc",38,4429560
2018,"HOSP_eat_ret_acc",236,15690892
2018,"INFO_info_off",51,0
2018,"INFO_info_off_li",10,18326583
2018,"K12_k12_k12",166,15148515
2018,"K12_k12_off",57,0
2018,"MFG_food_hi",16,13650833
2018,"MFG_food_li",16,13650833
2018,"MFG_htec_hi",4,22333381
2018,"MFG_htec_li",4,22333381
2018,"MFG_hvtw_hi",25,20789091
2018,"MFG_hvtw_li",26,20789091
2018,"MFG_lvtw_hi",13,16694876
2018,"MFG_offc_off",167,0
2018,"MFG_wdppr_hi",32,13081673
2018,"RES_agmin_ag",95,22931371
2018,"RES_forst_log",9,2999857
2018,"RES_offc_off",61,0
2018,"RET_auto_ret",105,9917040
2018,"RET_nstor_off",51,2906702
2018,"RET_stor_off",62,0
2018,"RET_stor_ret",251,21622432
2018,"SERV_bus_off",248,19234414
2018,"SERV_home_xxx",58,580607
2018,"SERV_nonp_off_inst",153,11913084
2018,"SERV_site_li",87,6986160
2018,"SERV_stor_ret",91,6449477
2018,"SERV_tech_off",282,30061004
2018,"TRNS_trns_off",55,0
2018,"TRNS_trns_ware",80,17987182
2018,"UTL_othr_off",17,0
2018,"UTL_othr_off_li",21,10208916
2018,"WHSL_offc_off",32,0
2018,"WHSL_whsl_ware",98,26195931
2019,"CNST_main_xxx",29,4407476
2019,"CNST_nres_xxx",52,7203568
2019,"CNST_offc_off",93,0
2019,"CNST_othr_xxx",64,9609605
2019,"CNST_res_xxx",35,9440942
2019,"ENGY_elec_hi",5,12540109
2019,"ENGY_ngas_hi",1,5637230
2019,"ENGY_offc_off",27,0
2019,"ENGY_ptrl_hi",10,6321180
2019,"ENT_ent_ret",84,4758584
2019,"FIRE_fnin_off",154,40316785
2019,"FIRE_real_off",147,18879531
2019,"GOV_admn_gov",102,22516916
2019,"GOV_offc_off",164,0
2019,"HIED_hied_off_inst",83,5933900
2019,"HLTH_care_inst",86,5371760
2019,"HLTH_hosp_hosp",111,17129991
2019,"HLTH_othr_off_li",189,25268438
2019,"HOSP_acc_acc",38,4522036
2019,"HOSP_eat_ret_acc",236,16027020
2019,"INFO_info_off",52,0
2019,"INFO_info_off_li",11,18752438
2019,"K12_k12_k12",166,15649068
2019,"K12_k12_off",57,0
2019,"MFG_food_hi",16,13964466
2019,"MFG_food_li",16,13964466
2019,"MFG_htec_hi",4,23880247
2019,"MFG_htec_li",4,23880247
2019,"MFG_hvtw_hi",25,21610488
2019,"MFG_hvtw_li",26,21610488
2019,"MFG_lvtw_hi",13,17036007
2019,"MFG_offc_off",168,0
2019,"MFG_wdppr_hi",32,13286514
2019,"RES_agmin_ag",94,23497893
2019,"RES_forst_log",9,3058602
2019,"RES_offc_off",60,0
2019,"RET_auto_ret",105,10248826
2019,"RET_nstor_off",51,2981731
2019,"RET_stor_off",62,0
2019,"RET_stor_ret",251,22198510
2019,"SERV_bus_off",255,19881999
2019,"SERV_home_xxx",58,597979
2019,"SERV_nonp_off_inst",155,12276174
2019,"SERV_site_li",90,7136668
2019,"SERV_stor_ret",92,6632408
2019,"SERV_tech_off",289,30698673
2019,"TRNS_trns_off",55,0
2019,"TRNS_trns_ware",81,18438466
2019,"UTL_othr_off",17,0
2019,"UTL_othr_off_li",21,10441772
2019,"WHSL_offc_off",32,0
2019,"WHSL_whsl_ware",99,26948130
2020,"CNST_main_xxx",30,4461485
2020,"CNST_nres_xxx",53,7298672
2020,"CNST_offc_off",94,0
2020,"CNST_othr_xxx",65,9736459
2020,"CNST_res_xxx",36,9541051
2020,"ENGY_elec_hi",5,13039264
2020,"ENGY_ngas_hi",1,5853835
2020,"ENGY_offc_off",27,0
2020,"ENGY_ptrl_hi",10,6510408
2020,"ENT_ent_ret",84,4866648
2020,"FIRE_fnin_off",154,41145014
2020,"FIRE_real_off",147,19354271
2020,"GOV_admn_gov",104,22860145
2020,"GOV_offc_off",166,0
2020,"HIED_hied_off_inst",83,6127802
2020,"HLTH_care_inst",87,5574105
2020,"HLTH_hosp_hosp",113,17766573
2020,"HLTH_othr_off_li",192,26203944
2020,"HOSP_acc_acc",38,4620038
2020,"HOSP_eat_ret_acc",236,16379859
2020,"INFO_info_off",52,0
2020,"INFO_info_off_li",11,19255586
2020,"K12_k12_k12",167,16131108
2020,"K12_k12_off",57,0
2020,"MFG_food_hi",16,14328920
2020,"MFG_food_li",16,14328920
2020,"MFG_htec_hi",4,25395609
2020,"MFG_htec_li",4,25395609
2020,"MFG_hvtw_hi",26,22387275
2020,"MFG_hvtw_li",26,22387275
2020,"MFG_lvtw_hi",13,17366004
2020,"MFG_offc_off",169,0
2020,"MFG_wdppr_hi",32,13501088
2020,"RES_agmin_ag",93,24032001
2020,"RES_forst_log",9,3124512
2020,"RES_offc_off",60,0
2020,"RET_auto_ret",105,10559118
2020,"RET_nstor_off",51,3054853
2020,"RET_stor_off",62,0
2020,"RET_stor_ret",251,22748862
2020,"SERV_bus_off",263,20689305
2020,"SERV_home_xxx",59,615633
2020,"SERV_nonp_off_inst",157,12649183
2020,"SERV_site_li",92,7301907
2020,"SERV_stor_ret",92,6820966
2020,"SERV_tech_off",298,31140407
2020,"TRNS_trns_off",55,0
2020,"TRNS_trns_ware",81,18902120
2020,"UTL_othr_off",18,0
2020,"UTL_othr_off_li",21,10749041
2020,"WHSL_offc_off",32,0
2020,"WHSL_whsl_ware",99,27745841
2021,"CNST_main_xxx",30,4495262
2021,"CNST_nres_xxx",54,7375067
2021,"CNST_offc_off",96,0
2021,"CNST_othr_xxx",66,9838435
2021,"CNST_res_xxx",36,9565165
2021,"ENGY_elec_hi",5,13508943
2021,"ENGY_ngas_hi",1,6087592
2021,"ENGY_offc_off",27,0
2021,"ENGY_ptrl_hi",10,6700576
2021,"ENT_ent_ret",84,4972920
2021,"FIRE_fnin_off",154,42068122
2021,"FIRE_real_off",147,19853180
2021,"GOV_admn_gov",104,23193637
2021,"GOV_offc_off",166,0
2021,"HIED_hied_off_inst",84,6305250
2021,"HLTH_care_inst",89,5811802
2021,"HLTH_hosp_hosp",115,18512888
2021,"HLTH_othr_off_li",196,27300100
2021,"HOSP_acc_acc",38,4716707
2021,"HOSP_eat_ret_acc",236,16726536
2021,"INFO_info_off",53,0
2021,"INFO_info_off_li",11,19781542
2021,"K12_k12_k12",168,16578192
2021,"K12_k12_off",57,0
2021,"MFG_food_hi",16,14671668
2021,"MFG_food_li",17,14671668
2021,"MFG_htec_hi",4,26753748
2021,"MFG_htec_li",4,26753748
2021,"MFG_hvtw_hi",26,23165111
2021,"MFG_hvtw_li",26,23165111
2021,"MFG_lvtw_hi",13,17717261
2021,"MFG_offc_off",170,0
2021,"MFG_wdppr_hi",32,13622915
2021,"RES_agmin_ag",92,24633273
2021,"RES_forst_log",9,3199801
2021,"RES_offc_off",59,0
2021,"RET_auto_ret",104,10882025
2021,"RET_nstor_off",51,3130946
2021,"RET_stor_off",62,0
2021,"RET_stor_ret",250,23327407
2021,"SERV_bus_off",269,21614434
2021,"SERV_home_xxx",59,632001
2021,"SERV_nonp_off_inst",159,13002904
2021,"SERV_site_li",94,7465083
2021,"SERV_stor_ret",93,7003663
2021,"SERV_tech_off",308,31394016
2021,"TRNS_trns_off",56,0
2021,"TRNS_trns_ware",82,19329836
2021,"UTL_othr_off",18,0
2021,"UTL_othr_off_li",21,11016633
2021,"WHSL_offc_off",32,0
2021,"WHSL_whsl_ware",100,28545987
2022,"CNST_main_xxx",31,4529453
2022,"CNST_nres_xxx",55,7427126
2022,"CNST_offc_off",97,0
2022,"CNST_othr_xxx",67,9907882
2022,"CNST_res_xxx",37,9647109
2022,"ENGY_elec_hi",5,13845504
2022,"ENGY_ngas_hi",1,6239258
2022,"ENGY_offc_off",27,0
2022,"ENGY_ptrl_hi",10,6911899
2022,"ENT_ent_ret",86,5082596
2022,"FIRE_fnin_off",154,42916758
2022,"FIRE_real_off",146,20253677
2022,"GOV_admn_gov",104,23705163
2022,"GOV_offc_off",167,0
2022,"HIED_hied_off_inst",84,6433629
2022,"HLTH_care_inst",90,5985568
2022,"HLTH_hosp_hosp",116,19066401
2022,"HLTH_othr_off_li",198,28116341
2022,"HOSP_acc_acc",38,4820732
2022,"HOSP_eat_ret_acc",236,17095432
2022,"INFO_info_off",53,0
2022,"INFO_info_off_li",11,20153414
2022,"K12_k12_k12",168,16915735
2022,"K12_k12_off",57,0
2022,"MFG_food_hi",16,14980253
2022,"MFG_food_li",17,14980253
2022,"MFG_htec_hi",4,26996966
2022,"MFG_htec_li",4,26996966
2022,"MFG_hvtw_hi",25,23794572
2022,"MFG_hvtw_li",26,23794572
2022,"MFG_lvtw_hi",13,17974267
2022,"MFG_offc_off",167,0
2022,"MFG_wdppr_hi",32,13786148
2022,"RES_agmin_ag",91,25162378
2022,"RES_forst_log",8,3236004
2022,"RES_offc_off",58,0
2022,"RET_auto_ret",104,11143275
2022,"RET_nstor_off",51,3225122
2022,"RET_stor_off",62,0
2022,"RET_stor_ret",250,24029069
2022,"SERV_bus_off",271,22091130
2022,"SERV_home_xxx",59,645940
2022,"SERV_nonp_off_inst",160,13289678
2022,"SERV_site_li",95,7627170
2022,"SERV_stor_ret",94,7156085
2022,"SERV_tech_off",321,32086397
2022,"TRNS_trns_off",56,0
2022,"TRNS_trns_ware",83,19812260
2022,"UTL_othr_off",18,0
2022,"UTL_othr_off_li",22,11277524
2022,"WHSL_offc_off",33,0
2022,"WHSL_whsl_ware",101,29434799
2023,"CNST_main_xxx",31,4633195
2023,"CNST_nres_xxx",56,7560167
2023,"CNST_offc_off",99,0
2023,"CNST_othr_xxx",68,10085360
2023,"CNST_res_xxx",38,9952539
2023,"ENGY_elec_hi",5,14164611
2023,"ENGY_ngas_hi",1,6383059
2023,"ENGY_offc_off",27,0
2023,"ENGY_ptrl_hi",10,7136227
2023,"ENT_ent_ret",91,5206702
2023,"FIRE_fnin_off",155,43862382
2023,"FIRE_real_off",146,20699944
2023,"GOV_admn_gov",105,24283994
2023,"GOV_offc_off",168,0
2023,"HIED_hied_off_inst",84,6584016
2023,"HLTH_care_inst",91,6151314
2023,"HLTH_hosp_hosp",118,19594368
2023,"HLTH_othr_off_li",200,28894908
2023,"HOSP_acc_acc",38,4938444
2023,"HOSP_eat_ret_acc",236,17512867
2023,"INFO_info_off",52,0
2023,"INFO_info_off_li",11,20566606
2023,"K12_k12_k12",169,17311142
2023,"K12_k12_off",58,0
2023,"MFG_food_hi",16,15280919
2023,"MFG_food_li",16,15280919
2023,"MFG_htec_hi",4,26933906
2023,"MFG_htec_li",4,26933906
2023,"MFG_hvtw_hi",25,24385649
2023,"MFG_hvtw_li",25,24385649
2023,"MFG_lvtw_hi",12,18255580
2023,"MFG_offc_off",164,0
2023,"MFG_wdppr_hi",32,14037008
2023,"RES_agmin_ag",89,25724223
2023,"RES_forst_log",8,3262157
2023,"RES_offc_off",57,0
2023,"RET_auto_ret",103,11416148
2023,"RET_nstor_off",51,3322385
2023,"RET_stor_off",62,0
2023,"RET_stor_ret",251,24753737
2023,"SERV_bus_off",274,22630550
2023,"SERV_home_xxx",60,661712
2023,"SERV_nonp_off_inst",161,13614184
2023,"SERV_site_li",97,7810112
2023,"SERV_stor_ret",95,7328184
2023,"SERV_tech_off",335,32869881
2023,"TRNS_trns_off",57,0
2023,"TRNS_trns_ware",84,20327576
2023,"UTL_othr_off",18,0
2023,"UTL_othr_off_li",22,11544094
2023,"WHSL_offc_off",33,0
2023,"WHSL_whsl_ware",102,30378595
2024,"CNST_main_xxx",32,4705582
2024,"CNST_nres_xxx",57,7710560
2024,"CNST_offc_off",101,0
2024,"CNST_othr_xxx",69,10285987
2024,"CNST_res_xxx",38,10034484
2024,"ENGY_elec_hi",5,14508448
2024,"ENGY_ngas_hi",1,6538004
2024,"ENGY_offc_off",27,0
2024,"ENGY_ptrl_hi",10,7357303
2024,"ENT_ent_ret",94,5325036
2024,"FIRE_fnin_off",156,44832252
2024,"FIRE_real_off",145,21157655
2024,"GOV_admn_gov",106,24835903
2024,"GOV_offc_off",169,0
2024,"HIED_hied_off_inst",85,6712395
2024,"HLTH_care_inst",92,6327753
2024,"HLTH_hosp_hosp",119,20156397
2024,"HLTH_othr_off_li",202,29723706
2024,"HOSP_acc_acc",38,5050682
2024,"HOSP_eat_ret_acc",237,17910887
2024,"INFO_info_off",52,0
2024,"INFO_info_off_li",11,20979797
2024,"K12_k12_k12",170,17648686
2024,"K12_k12_off",58,0
2024,"MFG_food_hi",16,15596544
2024,"MFG_food_li",16,15596544
2024,"MFG_htec_hi",4,27246637
2024,"MFG_htec_li",4,27246637
2024,"MFG_hvtw_hi",25,25021131
2024,"MFG_hvtw_li",25,25021131
2024,"MFG_lvtw_hi",12,18516822
2024,"MFG_offc_off",160,0
2024,"MFG_wdppr_hi",31,14211992
2024,"RES_agmin_ag",88,26246083
2024,"RES_forst_log",8,3322490
2024,"RES_offc_off",56,0
2024,"RET_auto_ret",103,11694991
2024,"RET_nstor_off",51,3418104
2024,"RET_stor_off",62,0
2024,"RET_stor_ret",252,25466903
2024,"SERV_bus_off",276,23144881
2024,"SERV_home_xxx",60,676751
2024,"SERV_nonp_off_inst",163,13923598
2024,"SERV_site_li",98,7986744
2024,"SERV_stor_ret",95,7494037
2024,"SERV_tech_off",349,33616924
2024,"TRNS_trns_off",58,0
2024,"TRNS_trns_ware",86,20831928
2024,"UTL_othr_off",18,0
2024,"UTL_othr_off_li",22,11816629
2024,"WHSL_offc_off",33,0
2024,"WHSL_whsl_ware",104,31308398
2025,"CNST_main_xxx",32,4783634
2025,"CNST_nres_xxx",58,7849385
2025,"CNST_offc_off",103,0
2025,"CNST_othr_xxx",71,10471181
2025,"CNST_res_xxx",39,10176024
2025,"ENGY_elec_hi",5,14854951
2025,"ENGY_ngas_hi",1,6694150
2025,"ENGY_offc_off",27,0
2025,"ENGY_ptrl_hi",10,7591385
2025,"ENT_ent_ret",97,5452029
2025,"FIRE_fnin_off",157,45850615
2025,"FIRE_real_off",145,21638250
2025,"GOV_admn_gov",106,25428195
2025,"GOV_offc_off",169,0
2025,"HIED_hied_off_inst",85,6848110
2025,"HLTH_care_inst",93,6506866
2025,"HLTH_hosp_hosp",120,20726941
2025,"HLTH_othr_off_li",205,30565062
2025,"HOSP_acc_acc",38,5171132
2025,"HOSP_eat_ret_acc",238,18338030
2025,"INFO_info_off",52,0
2025,"INFO_info_off_li",11,21423978
2025,"K12_k12_k12",170,18005517
2025,"K12_k12_off",58,0
2025,"MFG_food_hi",16,15926828
2025,"MFG_food_li",16,15926828
2025,"MFG_htec_hi",4,27934322
2025,"MFG_htec_li",4,27934322
2025,"MFG_hvtw_hi",24,25699852
2025,"MFG_hvtw_li",24,25699852
2025,"MFG_lvtw_hi",12,18773347
2025,"MFG_offc_off",158,0
2025,"MFG_wdppr_hi",31,14363709
2025,"RES_agmin_ag",88,26805663
2025,"RES_forst_log",8,3389065
2025,"RES_offc_off",56,0
2025,"RET_auto_ret",103,11989441
2025,"RET_nstor_off",52,3516911
2025,"RET_stor_off",63,0
2025,"RET_stor_ret",253,26203073
2025,"SERV_bus_off",279,23696846
2025,"SERV_home_xxx",61,692890
2025,"SERV_nonp_off_inst",164,14255651
2025,"SERV_site_li",99,8175577
2025,"SERV_stor_ret",96,7671447
2025,"SERV_tech_off",362,34418628
2025,"TRNS_trns_off",60,0
2025,"TRNS_trns_ware",88,21358208
2025,"UTL_othr_off",18,0
2025,"UTL_othr_off_li",22,12098668
2025,"WHSL_offc_off",34,0
2025,"WHSL_whsl_ware",105,32292197
2026,"CNST_main_xxx",33,4856607
2026,"CNST_nres_xxx",59,7988210
2026,"CNST_offc_off",105,0
2026,"CNST_othr_xxx",72,10656375
2026,"CNST_res_xxx",40,10287767
2026,"ENGY_elec_hi",4,15220987
2026,"ENGY_ngas_hi",1,6859098
2026,"ENGY_offc_off",27,0
2026,"ENGY_ptrl_hi",11,7825466
2026,"ENT_ent_ret",100,5573250
2026,"FIRE_fnin_off",158,46844732
2026,"FIRE_real_off",145,22107403
2026,"GOV_admn_gov",107,25993566
2026,"GOV_offc_off",170,0
2026,"HIED_hied_off_inst",85,6972821
2026,"HLTH_care_inst",94,6688652
2026,"HLTH_hosp_hosp",122,21306001
2026,"HLTH_othr_off_li",207,31418975
2026,"HOSP_acc_acc",39,5286107
2026,"HOSP_eat_ret_acc",239,18745758
2026,"INFO_info_off",52,0
2026,"INFO_info_off_li",11,21857829
2026,"K12_k12_k12",171,18333416
2026,"K12_k12_off",58,0
2026,"MFG_food_hi",16,16241016
2026,"MFG_food_li",16,16241016
2026,"MFG_htec_hi",4,28716074
2026,"MFG_htec_li",3,28716074
2026,"MFG_hvtw_hi",24,26409827
2026,"MFG_hvtw_li",24,26409827
2026,"MFG_lvtw_hi",12,19015178
2026,"MFG_offc_off",156,0
2026,"MFG_wdppr_hi",31,14492104
2026,"RES_agmin_ag",88,27359715
2026,"RES_forst_log",8,3455640
2026,"RES_offc_off",56,0
2026,"RET_auto_ret",103,12290334
2026,"RET_nstor_off",52,3615718
2026,"RET_stor_off",63,0
2026,"RET_stor_ret",255,26939244
2026,"SERV_bus_off",282,24223721
2026,"SERV_home_xxx",61,708296
2026,"SERV_nonp_off_inst",166,14572611
2026,"SERV_site_li",100,8356536
2026,"SERV_stor_ret",97,7841361
2026,"SERV_tech_off",375,35183891
2026,"TRNS_trns_off",61,0
2026,"TRNS_trns_ware",89,21884488
2026,"UTL_othr_off",18,0
2026,"UTL_othr_off_li",22,12384259
2026,"WHSL_offc_off",34,0
2026,"WHSL_whsl_ware",106,33275996
2027,"CNST_main_xxx",33,4905745
2027,"CNST_nres_xxx",60,8121250
2027,"CNST_offc_off",106,0
2027,"CNST_othr_xxx",73,10833853
2027,"CNST_res_xxx",40,10272868
2027,"ENGY_elec_hi",4,15594648
2027,"ENGY_ngas_hi",1,7027483
2027,"ENGY_offc_off",27,0
2027,"ENGY_ptrl_hi",11,8062798
2027,"ENT_ent_ret",103,5697356
2027,"FIRE_fnin_off",159,47863096
2027,"FIRE_real_off",145,22587999
2027,"GOV_admn_gov",107,26572397
2027,"GOV_offc_off",171,0
2027,"HIED_hied_off_inst",86,7093864
2027,"HLTH_care_inst",95,6867764
2027,"HLTH_hosp_hosp",123,21876546
2027,"HLTH_othr_off_li",210,32260330
2027,"HOSP_acc_acc",39,5403819
2027,"HOSP_eat_ret_acc",241,19163193
2027,"INFO_info_off",53,0
2027,"INFO_info_off_li",11,22312340
2027,"K12_k12_k12",171,18651671
2027,"K12_k12_off",59,0
2027,"MFG_food_hi",16,16563970
2027,"MFG_food_li",16,16563970
2027,"MFG_htec_hi",4,29395414
2027,"MFG_htec_li",3,29395414
2027,"MFG_hvtw_hi",24,27158509
2027,"MFG_hvtw_li",24,27158509
2027,"MFG_lvtw_hi",12,19265367
2027,"MFG_offc_off",153,0
2027,"MFG_wdppr_hi",30,14585445
2027,"RES_agmin_ag",88,27908239
2027,"RES_forst_log",8,3522214
2027,"RES_offc_off",56,0
2027,"RET_auto_ret",103,12601236
2027,"RET_nstor_off",53,3714525
2027,"RET_stor_off",64,0
2027,"RET_stor_ret",257,27675414
2027,"SERV_bus_off",284,24763141
2027,"SERV_home_xxx",61,724069
2027,"SERV_nonp_off_inst",168,14897117
2027,"SERV_site_li",102,8541822
2027,"SERV_stor_ret",98,8015335
2027,"SERV_tech_off",387,35967375
2027,"TRNS_trns_off",61,0
2027,"TRNS_trns_ware",90,22421733
2027,"UTL_othr_off",18,0
2027,"UTL_othr_off_li",22,12676145
2027,"WHSL_offc_off",34,0
2027,"WHSL_whsl_ware",107,34273789
2028,"CNST_main_xxx",34,4942184
2028,"CNST_nres_xxx",61,8254291
2028,"CNST_offc_off",107,0
2028,"CNST_othr_xxx",74,11011330
2028,"CNST_res_xxx",41,10183474
2028,"ENGY_elec_hi",4,15968310
2028,"ENGY_ngas_hi",1,7195867
2028,"ENGY_offc_off",27,0
2028,"ENGY_ptrl_hi",11,8306633
2028,"ENT_ent_ret",106,5818576
2028,"FIRE_fnin_off",161,48881460
2028,"FIRE_real_off",145,23068595
2028,"GOV_admn_gov",107,27137767
2028,"GOV_offc_off",171,0
2028,"HIED_hied_off_inst",86,7207572
2028,"HLTH_care_inst",97,7054897
2028,"HLTH_hosp_hosp",125,22472637
2028,"HLTH_othr_off_li",213,33139358
2028,"HOSP_acc_acc",39,5518794
2028,"HOSP_eat_ret_acc",243,19570921
2028,"INFO_info_off",53,0
2028,"INFO_info_off_li",11,22766850
2028,"K12_k12_k12",172,18950638
2028,"K12_k12_off",59,0
2028,"MFG_food_hi",16,16885488
2028,"MFG_food_li",16,16885488
2028,"MFG_htec_hi",4,30163406
2028,"MFG_htec_li",3,30163406
2028,"MFG_hvtw_hi",23,27925655
2028,"MFG_hvtw_li",24,27925655
2028,"MFG_lvtw_hi",12,19505318
2028,"MFG_offc_off",151,0
2028,"MFG_wdppr_hi",29,14637927
2028,"RES_agmin_ag",88,28430935
2028,"RES_forst_log",7,3577848
2028,"RES_offc_off",56,0
2028,"RET_auto_ret",103,12913421
2028,"RET_nstor_off",53,3814876
2028,"RET_stor_off",64,0
2028,"RET_stor_ret",259,28423088
2028,"SERV_bus_off",286,25290016
2028,"SERV_home_xxx",62,739474
2028,"SERV_nonp_off_inst",169,15214077
2028,"SERV_site_li",103,8723563
2028,"SERV_stor_ret",99,8185874
2028,"SERV_tech_off",399,36732639
2028,"TRNS_trns_off",62,0
2028,"TRNS_trns_ware",91,22958977
2028,"UTL_othr_off",18,0
2028,"UTL_othr_off_li",22,12965275
2028,"WHSL_offc_off",34,0
2028,"WHSL_whsl_ware",107,35297591
2029,"CNST_main_xxx",34,4984972
2029,"CNST_nres_xxx",61,8387331
2029,"CNST_offc_off",108,0
2029,"CNST_othr_xxx",74,11188808
2029,"CNST_res_xxx",41,10131327
2029,"ENGY_elec_hi",4,16349597
2029,"ENGY_ngas_hi",1,7367688
2029,"ENGY_offc_off",27,0
2029,"ENGY_ptrl_hi",11,8553719
2029,"ENT_ent_ret",109,5939797
2029,"FIRE_fnin_off",163,49924070
2029,"FIRE_real_off",145,23560633
2029,"GOV_admn_gov",108,27703137
2029,"GOV_offc_off",172,0
2029,"HIED_hied_off_inst",86,7321279
2029,"HLTH_care_inst",98,7244703
2029,"HLTH_hosp_hosp",127,23077243
2029,"HLTH_othr_off_li",216,34030944
2029,"HOSP_acc_acc",40,5633769
2029,"HOSP_eat_ret_acc",245,19978648
2029,"INFO_info_off",53,0
2029,"INFO_info_off_li",11,23221361
2029,"K12_k12_k12",172,19249605
2029,"K12_k12_off",59,0
2029,"MFG_food_hi",16,17192345
2029,"MFG_food_li",16,17192345
2029,"MFG_htec_hi",4,31072776
2029,"MFG_htec_li",3,31072776
2029,"MFG_hvtw_hi",23,28737345
2029,"MFG_hvtw_li",23,28737345
2029,"MFG_lvtw_hi",11,19760318
2029,"MFG_offc_off",150,0
2029,"MFG_wdppr_hi",28,14725374
2029,"RES_agmin_ag",88,28960532
2029,"RES_forst_log",7,3629196
2029,"RES_offc_off",56,0
2029,"RET_auto_ret",103,13219806
2029,"RET_nstor_off",54,3912139
2029,"RET_stor_off",65,0
2029,"RET_stor_ret",261,29147756
2029,"SERV_bus_off",289,25816892
2029,"SERV_home_xxx",62,754880
2029,"SERV_nonp_off_inst",171,15531037
2029,"SERV_site_li",105,8906086
2029,"SERV_stor_ret",99,8357038
2029,"SERV_tech_off",412,37497902
2029,"TRNS_trns_off",62,0
2029,"TRNS_trns_ware",91,23507186
2029,"UTL_othr_off",18,0
2029,"UTL_othr_off_li",22,13257943
2029,"WHSL_offc_off",35,0
2029,"WHSL_whsl_ware",108,36335386
2030,"CNST_main_xxx",35,5051595
2030,"CNST_nres_xxx",62,8526156
2030,"CNST_offc_off",110,0
2030,"CNST_othr_xxx",75,11374002
2030,"CNST_res_xxx",42,10205822
2030,"ENGY_elec_hi",4,16769013
2030,"ENGY_ngas_hi",1,7556692
2030,"ENGY_offc_off",27,0
2030,"ENGY_ptrl_hi",11,8813809
2030,"ENT_ent_ret",112,6075448
2030,"FIRE_fnin_off",165,50990928
2030,"FIRE_real_off",145,24064114
2030,"GOV_admn_gov",110,28335813
2030,"GOV_offc_off",175,0
2030,"HIED_hied_off_inst",87,7453326
2030,"HLTH_care_inst",99,7442529
2030,"HLTH_hosp_hosp",129,23707397
2030,"HLTH_othr_off_li",219,34960202
2030,"HOSP_acc_acc",40,5762431
2030,"HOSP_eat_ret_acc",247,20434915
2030,"INFO_info_off",54,0
2030,"INFO_info_off_li",11,23727521
2030,"K12_k12_k12",173,19596792
2030,"K12_k12_off",59,0
2030,"MFG_food_hi",16,17521192
2030,"MFG_food_li",16,17521192
2030,"MFG_htec_hi",4,32002781
2030,"MFG_htec_li",3,32002781
2030,"MFG_hvtw_hi",23,29616784
2030,"MFG_hvtw_li",23,29616784
2030,"MFG_lvtw_hi",11,20073002
2030,"MFG_offc_off",148,0
2030,"MFG_wdppr_hi",28,14894501
2030,"RES_agmin_ag",88,29535710
2030,"RES_forst_log",7,3697437
2030,"RES_offc_off",56,0
2030,"RET_auto_ret",104,13549088
2030,"RET_nstor_off",54,4015577
2030,"RET_stor_off",65,0
2030,"RET_stor_ret",262,29918434
2030,"SERV_bus_off",293,26406490
2030,"SERV_home_xxx",63,772120
2030,"SERV_nonp_off_inst",173,15885731
2030,"SERV_site_li",106,9107118
2030,"SERV_stor_ret",100,8546004
2030,"SERV_tech_off",424,38354268
2030,"TRNS_trns_off",62,0
2030,"TRNS_trns_ware",92,24110215
2030,"UTL_othr_off",18,0
2030,"UTL_othr_off_li",22,13582083
2030,"WHSL_offc_off",35,0
2030,"WHSL_whsl_ware",108,37430144
2031,"CNST_main_xxx",35,5122712
2031,"CNST_nres_xxx",63,8676550
2031,"CNST_offc_off",111,0
2031,"CNST_othr_xxx",77,11574629
2031,"CNST_res_xxx",42,10280317
2031,"ENGY_elec_hi",4,17203681
2031,"ENGY_ngas_hi",1,7752568
2031,"ENGY_offc_off",27,0
2031,"ENGY_ptrl_hi",11,9086904
2031,"ENT_ent_ret",115,6213986
2031,"FIRE_fnin_off",167,52130525
2031,"FIRE_real_off",144,24601924
2031,"GOV_admn_gov",109,28734652
2031,"GOV_offc_off",173,0
2031,"HIED_hied_off_inst",87,7596377
2031,"HLTH_care_inst",100,7645701
2031,"HLTH_hosp_hosp",130,24354582
2031,"HLTH_othr_off_li",221,35914575
2031,"HOSP_acc_acc",40,5893831
2031,"HOSP_eat_ret_acc",248,20900889
2031,"INFO_info_off",55,0
2031,"INFO_info_off_li",11,24244010
2031,"K12_k12_k12",174,19972911
2031,"K12_k12_off",59,0
2031,"MFG_food_hi",16,17851477
2031,"MFG_food_li",16,17851477
2031,"MFG_htec_hi",4,32861152
2031,"MFG_htec_li",3,32861152
2031,"MFG_hvtw_hi",23,30552411
2031,"MFG_hvtw_li",23,30552411
2031,"MFG_lvtw_hi",11,20391575
2031,"MFG_offc_off",147,0
2031,"MFG_wdppr_hi",28,15063628
2031,"RES_agmin_ag",88,30126532
2031,"RES_forst_log",7,3767746
2031,"RES_offc_off",56,0
2031,"RET_auto_ret",104,13888416
2031,"RET_nstor_off",54,4122104
2031,"RET_stor_off",65,0
2031,"RET_stor_ret",263,30712118
2031,"SERV_bus_off",295,27008634
2031,"SERV_home_xxx",63,789726
2031,"SERV_nonp_off_inst",174,16247970
2031,"SERV_site_li",108,9314040
2031,"SERV_stor_ret",101,8740281
2031,"SERV_tech_off",437,39228855
2031,"TRNS_trns_off",62,0
2031,"TRNS_trns_ware",92,24735173
2031,"UTL_othr_off",18,0
2031,"UTL_othr_off_li",22,13916056
2031,"WHSL_offc_off",35,0
2031,"WHSL_whsl_ware",108,38578899
2032,"CNST_main_xxx",36,5172241
2032,"CNST_nres_xxx",64,8826943
2032,"CNST_offc_off",113,0
2032,"CNST_othr_xxx",78,11775256
2032,"CNST_res_xxx",43,10228171
2032,"ENGY_elec_hi",4,17638348
2032,"ENGY_ngas_hi",1,7948444
2032,"ENGY_offc_off",26,0
2032,"ENGY_ptrl_hi",11,9363250
2032,"ENT_ent_ret",118,6349637
2032,"FIRE_fnin_off",168,53245876
2032,"FIRE_real_off",144,25128291
2032,"GOV_admn_gov",109,29361930
2032,"GOV_offc_off",174,0
2032,"HIED_hied_off_inst",87,7728424
2032,"HLTH_care_inst",101,7848874
2032,"HLTH_hosp_hosp",131,25001766
2032,"HLTH_othr_off_li",223,36868949
2032,"HOSP_acc_acc",40,6022493
2032,"HOSP_eat_ret_acc",250,21357155
2032,"INFO_info_off",55,0
2032,"INFO_info_off_li",11,24750169
2032,"K12_k12_k12",174,20320099
2032,"K12_k12_off",59,0
2032,"MFG_food_hi",16,18174432
2032,"MFG_food_li",16,18174432
2032,"MFG_htec_hi",4,33735968
2032,"MFG_htec_li",3,33735968
2032,"MFG_hvtw_hi",22,31471296
2032,"MFG_hvtw_li",23,31471296
2032,"MFG_lvtw_hi",11,20659071
2032,"MFG_offc_off",146,0
2032,"MFG_wdppr_hi",27,15151111
2032,"RES_agmin_ag",88,30681442
2032,"RES_forst_log",7,3835987
2032,"RES_offc_off",56,0
2032,"RET_auto_ret",104,14228442
2032,"RET_nstor_off",55,4230174
2032,"RET_stor_off",66,0
2032,"RET_stor_ret",264,31517305
2032,"SERV_bus_off",298,27598232
2032,"SERV_home_xxx",63,806966
2032,"SERV_nonp_off_inst",176,16602664
2032,"SERV_site_li",110,9516635
2032,"SERV_stor_ret",102,8930497
2032,"SERV_tech_off",451,40085221
2032,"TRNS_trns_off",62,0
2032,"TRNS_trns_ware",92,25360131
2032,"UTL_othr_off",19,0
2032,"UTL_othr_off_li",23,14247273
2032,"WHSL_offc_off",35,0
2032,"WHSL_whsl_ware",108,39740658
2033,"CNST_main_xxx",36,5231636
2033,"CNST_nres_xxx",65,8983121
2033,"CNST_offc_off",114,0
2033,"CNST_othr_xxx",79,11983599
2033,"CNST_res_xxx",43,10220721
2033,"ENGY_elec_hi",4,18080641
2033,"ENGY_ngas_hi",1,8147756
2033,"ENGY_offc_off",26,0
2033,"ENGY_ptrl_hi",11,9646098
2033,"ENT_ent_ret",120,6488175
2033,"FIRE_fnin_off",170,54409720
2033,"FIRE_real_off",144,25677543
2033,"GOV_admn_gov",109,30002554
2033,"GOV_offc_off",175,0
2033,"HIED_hied_off_inst",87,7860471
2033,"HLTH_care_inst",102,8060066
2033,"HLTH_hosp_hosp",133,25674498
2033,"HLTH_othr_off_li",226,37860995
2033,"HOSP_acc_acc",41,6153893
2033,"HOSP_eat_ret_acc",251,21823130
2033,"INFO_info_off",56,0
2033,"INFO_info_off_li",11,25287318
2033,"K12_k12_k12",174,20667286
2033,"K12_k12_off",59,0
2033,"MFG_food_hi",16,18504716
2033,"MFG_food_li",16,18504716
2033,"MFG_htec_hi",4,34677712
2033,"MFG_htec_li",3,34677712
2033,"MFG_hvtw_hi",22,32428865
2033,"MFG_hvtw_li",22,32428865
2033,"MFG_lvtw_hi",11,20962272
2033,"MFG_offc_off",145,0
2033,"MFG_wdppr_hi",27,15291040
2033,"RES_agmin_ag",88,31252936
2033,"RES_forst_log",7,3904229
2033,"RES_offc_off",56,0
2033,"RET_auto_ret",104,14571545
2033,"RET_nstor_off",55,4338244
2033,"RET_stor_off",66,0
2033,"RET_stor_ret",266,32322491
2033,"SERV_bus_off",301,28200376
2033,"SERV_home_xxx",63,824573
2033,"SERV_nonp_off_inst",177,16964904
2033,"SERV_site_li",112,9724339
2033,"SERV_stor_ret",102,9125399
2033,"SERV_tech_off",464,40959807
2033,"TRNS_trns_off",62,0
2033,"TRNS_trns_ware",91,25996053
2033,"UTL_othr_off",19,0
2033,"UTL_othr_off_li",23,14584784
2033,"WHSL_offc_off",35,0
2033,"WHSL_whsl_ware",107,40929415
2034,"CNST_main_xxx",37,5307540
2034,"CNST_nres_xxx",66,9139299
2034,"CNST_offc_off",116,0
2034,"CNST_othr_xxx",80,12191943
2034,"CNST_res_xxx",44,10310115
2034,"ENGY_elec_hi",4,18553438
2034,"ENGY_ngas_hi",1,8360814
2034,"ENGY_offc_off",26,0
2034,"ENGY_ptrl_hi",11,9948453
2034,"ENT_ent_ret",122,6635371
2034,"FIRE_fnin_off",172,55597811
2034,"FIRE_real_off",143,26238238
2034,"GOV_admn_gov",110,30683217
2034,"GOV_offc_off",175,0
2034,"HIED_hied_off_inst",87,7999854
2034,"HLTH_care_inst",103,8279278
2034,"HLTH_hosp_hosp",134,26372776
2034,"HLTH_othr_off_li",228,38890713
2034,"HOSP_acc_acc",41,6293505
2034,"HOSP_eat_ret_acc",253,22318227
2034,"INFO_info_off",57,0
2034,"INFO_info_off_li",12,25845127
2034,"K12_k12_k12",175,21033761
2034,"K12_k12_off",60,0
2034,"MFG_food_hi",16,18852536
2034,"MFG_food_li",16,18852536
2034,"MFG_htec_hi",4,35535013
2034,"MFG_htec_li",3,35535013
2034,"MFG_hvtw_hi",22,33422540
2034,"MFG_hvtw_li",22,33422540
2034,"MFG_lvtw_hi",11,21319671
2034,"MFG_offc_off",144,0
2034,"MFG_wdppr_hi",26,15495149
2034,"RES_agmin_ag",88,31880571
2034,"RES_forst_log",7,3978674
2034,"RES_offc_off",56,0
2034,"RET_auto_ret",105,14936919
2034,"RET_nstor_off",55,4454033
2034,"RET_stor_off",66,0
2034,"RET_stor_ret",267,33185191
2034,"SERV_bus_off",304,28840153
2034,"SERV_home_xxx",63,843279
2034,"SERV_nonp_off_inst",178,17349784
2034,"SERV_site_li",114,9943462
2034,"SERV_stor_ret",103,9331231
2034,"SERV_tech_off",479,41889056
2034,"TRNS_trns_off",62,0
2034,"TRNS_trns_ware",91,26675832
2034,"UTL_othr_off",19,0
2034,"UTL_othr_off_li",23,14944717
2034,"WHSL_offc_off",34,0
2034,"WHSL_whsl_ware",107,42200156
2035,"CNST_main_xxx",37,5390770
2035,"CNST_nres_xxx",67,9301261
2035,"CNST_offc_off",118,0
2035,"CNST_othr_xxx",81,12408002
2035,"CNST_res_xxx",45,10429307
2035,"ENGY_elec_hi",4,19041485
2035,"ENGY_ngas_hi",1,8580745
2035,"ENGY_offc_off",26,0
2035,"ENGY_ptrl_hi",11,10263812
2035,"ENT_ent_ret",124,6785453
2035,"FIRE_fnin_off",174,56834396
2035,"FIRE_real_off",143,26821818
2035,"GOV_admn_gov",110,31377226
2035,"GOV_offc_off",176,0
2035,"HIED_hied_off_inst",88,8142905
2035,"HLTH_care_inst",104,8501164
2035,"HLTH_hosp_hosp",135,27079570
2035,"HLTH_othr_off_li",230,39932989
2035,"HOSP_acc_acc",41,6435855
2035,"HOSP_eat_ret_acc",254,22823033
2035,"INFO_info_off",58,0
2035,"INFO_info_off_li",12,26433925
2035,"K12_k12_k12",175,21409881
2035,"K12_k12_off",60,0
2035,"MFG_food_hi",16,19216453
2035,"MFG_food_li",16,19216453
2035,"MFG_htec_hi",4,36357935
2035,"MFG_htec_li",3,36357935
2035,"MFG_hvtw_hi",22,34442987
2035,"MFG_hvtw_li",22,34442987
2035,"MFG_lvtw_hi",11,21700062
2035,"MFG_offc_off",143,0
2035,"MFG_wdppr_hi",26,15710937
2035,"RES_agmin_ag",88,32523849
2035,"RES_forst_log",7,4055187
2035,"RES_offc_off",56,0
2035,"RET_auto_ret",105,15314946
2035,"RET_nstor_off",56,4574454
2035,"RET_stor_off",66,0
2035,"RET_stor_ret",268,34082399
2035,"SERV_bus_off",306,29492475
2035,"SERV_home_xxx",63,862353
2035,"SERV_nonp_off_inst",179,17742210
2035,"SERV_site_li",116,10167693
2035,"SERV_stor_ret",103,9541750
2035,"SERV_tech_off",493,42836525
2035,"TRNS_trns_off",62,0
2035,"TRNS_trns_ware",91,27377539
2035,"UTL_othr_off",19,0
2035,"UTL_othr_off_li",23,15314483
2035,"WHSL_offc_off",34,0
2035,"WHSL_whsl_ware",107,43524893
2036,"CNST_main_xxx",38,5472437
2036,"CNST_nres_xxx",68,9469008
2036,"CNST_offc_off",120,0
2036,"CNST_othr_xxx",83,12631778
2036,"CNST_res_xxx",46,10526151
2036,"ENGY_elec_hi",4,19552410
2036,"ENGY_ngas_hi",1,8810986
2036,"ENGY_offc_off",26,0
2036,"ENGY_ptrl_hi",11,10585674
2036,"ENT_ent_ret",125,6944194
2036,"FIRE_fnin_off",176,58119474
2036,"FIRE_real_off",143,27428284
2036,"GOV_admn_gov",111,32111274
2036,"GOV_offc_off",176,0
2036,"HIED_hied_off_inst",88,8300628
2036,"HLTH_care_inst",105,8731070
2036,"HLTH_hosp_hosp",136,27811910
2036,"HLTH_othr_off_li",232,41012938
2036,"HOSP_acc_acc",41,6586418
2036,"HOSP_eat_ret_acc",256,23356962
2036,"INFO_info_off",59,0
2036,"INFO_info_off_li",12,27043382
2036,"K12_k12_k12",177,21824577
2036,"K12_k12_off",60,0
2036,"MFG_food_hi",15,19581807
2036,"MFG_food_li",16,19581807
2036,"MFG_htec_hi",4,37158267
2036,"MFG_htec_li",3,37158267
2036,"MFG_hvtw_hi",22,35493124
2036,"MFG_hvtw_li",22,35493124
2036,"MFG_lvtw_hi",10,22042950
2036,"MFG_offc_off",142,0
2036,"MFG_wdppr_hi",26,15868457
2036,"RES_agmin_ag",88,33171714
2036,"RES_forst_log",7,4133768
2036,"RES_offc_off",56,0
2036,"RET_auto_ret",105,15703060
2036,"RET_nstor_off",56,4696419
2036,"RET_stor_off",67,0
2036,"RET_stor_ret",269,34991110
2036,"SERV_bus_off",309,30182430
2036,"SERV_home_xxx",64,882527
2036,"SERV_nonp_off_inst",180,18157277
2036,"SERV_site_li",118,10404123
2036,"SERV_stor_ret",104,9763824
2036,"SERV_tech_off",508,43838655
2036,"TRNS_trns_off",61,0
2036,"TRNS_trns_ware",90,28112138
2036,"UTL_othr_off",20,0
2036,"UTL_othr_off_li",24,15703132
2036,"WHSL_offc_off",34,0
2036,"WHSL_whsl_ware",107,44878605
2037,"CNST_main_xxx",39,5550978
2037,"CNST_nres_xxx",69,9648323
2037,"CNST_offc_off",122,0
2037,"CNST_othr_xxx",84,12870987
2037,"CNST_res_xxx",46,10578298
2037,"ENGY_elec_hi",4,20086212
2037,"ENGY_ngas_hi",1,9051535
2037,"ENGY_offc_off",26,0
2037,"ENGY_ptrl_hi",11,10917289
2037,"ENT_ent_ret",126,7108707
2037,"FIRE_fnin_off",178,59404552
2037,"FIRE_real_off",143,28034750
2037,"GOV_admn_gov",111,32872015
2037,"GOV_offc_off",177,0
2037,"HIED_hied_off_inst",89,8476691
2037,"HLTH_care_inst",106,8963649
2037,"HLTH_hosp_hosp",138,28552766
2037,"HLTH_othr_off_li",234,42105444
2037,"HOSP_acc_acc",42,6742455
2037,"HOSP_eat_ret_acc",258,23910306
2037,"INFO_info_off",60,0
2037,"INFO_info_off_li",12,27673499
2037,"K12_k12_k12",178,22287493
2037,"K12_k12_off",61,0
2037,"MFG_food_hi",15,19945723
2037,"MFG_food_li",15,19945723
2037,"MFG_htec_hi",4,37924892
2037,"MFG_htec_li",3,37924892
2037,"MFG_hvtw_hi",21,36577252
2037,"MFG_hvtw_li",22,36577252
2037,"MFG_lvtw_hi",10,22418362
2037,"MFG_offc_off",141,0
2037,"MFG_wdppr_hi",26,16043423
2037,"RES_agmin_ag",89,33825107
2037,"RES_forst_log",6,4212348
2037,"RES_offc_off",56,0
2037,"RET_auto_ret",106,16098184
2037,"RET_nstor_off",56,4819928
2037,"RET_stor_off",67,0
2037,"RET_stor_ret",270,35911323
2037,"SERV_bus_off",313,30897475
2037,"SERV_home_xxx",64,903435
2037,"SERV_nonp_off_inst",182,18587437
2037,"SERV_site_li",120,10647646
2037,"SERV_stor_ret",104,9992769
2037,"SERV_tech_off",523,44877227
2037,"TRNS_trns_off",61,0
2037,"TRNS_trns_ware",90,28879630
2037,"UTL_othr_off",20,0
2037,"UTL_othr_off_li",24,16107907
2037,"WHSL_offc_off",34,0
2037,"WHSL_whsl_ware",107,46274299
2038,"CNST_main_xxx",39,5626687
2038,"CNST_nres_xxx",70,9833423
2038,"CNST_offc_off",124,0
2038,"CNST_othr_xxx",85,13117913
2038,"CNST_res_xxx",47,10600646
2038,"ENGY_elec_hi",4,20620014
2038,"ENGY_ngas_hi",1,9292085
2038,"ENGY_offc_off",26,0
2038,"ENGY_ptrl_hi",11,11258657
2038,"ENT_ent_ret",127,7273221
2038,"FIRE_fnin_off",180,60738124
2038,"FIRE_real_off",142,28664102
2038,"GOV_admn_gov",111,33632756
2038,"GOV_offc_off",178,0
2038,"HIED_hied_off_inst",90,8634414
2038,"HLTH_care_inst",107,9196228
2038,"HLTH_hosp_hosp",139,29293623
2038,"HLTH_othr_off_li",236,43197951
2038,"HOSP_acc_acc",42,6898492
2038,"HOSP_eat_ret_acc",259,24463651
2038,"INFO_info_off",61,0
2038,"INFO_info_off_li",12,28303616
2038,"K12_k12_k12",179,22702189
2038,"K12_k12_off",61,0
2038,"MFG_food_hi",15,20318407
2038,"MFG_food_li",15,20318407
2038,"MFG_htec_hi",4,38654188
2038,"MFG_htec_li",3,38654188
2038,"MFG_hvtw_hi",21,37681143
2038,"MFG_hvtw_li",22,37681143
2038,"MFG_lvtw_hi",10,22780775
2038,"MFG_offc_off",141,0
2038,"MFG_wdppr_hi",26,16200889
2038,"RES_agmin_ag",89,34472973
2038,"RES_forst_log",6,4290929
2038,"RES_offc_off",56,0
2038,"RET_auto_ret",106,16500860
2038,"RET_nstor_off",57,4946524
2038,"RET_stor_off",67,0
2038,"RET_stor_ret",272,36854542
2038,"SERV_bus_off",317,31612521
2038,"SERV_home_xxx",64,924343
2038,"SERV_nonp_off_inst",183,19017597
2038,"SERV_site_li",122,10892731
2038,"SERV_stor_ret",105,10222965
2038,"SERV_tech_off",539,45915798
2038,"TRNS_trns_off",61,0
2038,"TRNS_trns_ware",89,29647123
2038,"UTL_othr_off",20,0
2038,"UTL_othr_off_li",24,16512683
2038,"WHSL_offc_off",34,0
2038,"WHSL_whsl_ware",107,47709006
2039,"CNST_main_xxx",40,5709430
2039,"CNST_nres_xxx",71,10030091
2039,"CNST_offc_off",126,0
2039,"CNST_othr_xxx",87,13380271
2039,"CNST_res_xxx",48,10637894
2039,"ENGY_elec_hi",4,21169068
2039,"ENGY_ngas_hi",1,9539507
2039,"ENGY_offc_off",26,0
2039,"ENGY_ptrl_hi",11,11609779
2039,"ENT_ent_ret",127,7443506
2039,"FIRE_fnin_off",182,62071695
2039,"FIRE_real_off",142,29293454
2039,"GOV_admn_gov",112,34420190
2039,"GOV_offc_off",178,0
2039,"HIED_hied_off_inst",90,8806809
2039,"HLTH_care_inst",108,9431480
2039,"HLTH_hosp_hosp",140,30042994
2039,"HLTH_othr_off_li",238,44303015
2039,"HOSP_acc_acc",42,7060005
2039,"HOSP_eat_ret_acc",262,25036411
2039,"INFO_info_off",62,0
2039,"INFO_info_off_li",13,28975052
2039,"K12_k12_k12",180,23155461
2039,"K12_k12_off",62,0
2039,"MFG_food_hi",15,20683761
2039,"MFG_food_li",15,20683761
2039,"MFG_htec_hi",4,39201762
2039,"MFG_htec_li",3,39201762
2039,"MFG_hvtw_hi",21,38795261
2039,"MFG_hvtw_li",21,38795261
2039,"MFG_lvtw_hi",10,23152327
2039,"MFG_offc_off",140,0
2039,"MFG_wdppr_hi",26,16364212
2039,"RES_agmin_ag",89,35136481
2039,"RES_forst_log",6,4371578
2039,"RES_offc_off",56,0
2039,"RET_auto_ret",106,16910546
2039,"RET_nstor_off",57,5074665
2039,"RET_stor_off",68,0
2039,"RET_stor_ret",273,37809263
2039,"SERV_bus_off",321,32352655
2039,"SERV_home_xxx",64,945984
2039,"SERV_nonp_off_inst",184,19462850
2039,"SERV_site_li",124,11144907
2039,"SERV_stor_ret",105,10460031
2039,"SERV_tech_off",553,46990811
2039,"TRNS_trns_off",60,0
2039,"TRNS_trns_ware",89,30436543
2039,"UTL_othr_off",20,0
2039,"UTL_othr_off_li",25,16930047
2039,"WHSL_offc_off",34,0
2039,"WHSL_whsl_ware",106,49184705
2040,"CNST_main_xxx",40,5797251
2040,"CNST_nres_xxx",72,10226760
2040,"CNST_offc_off",128,0
2040,"CNST_othr_xxx",88,13642629
2040,"CNST_res_xxx",49,10704939
2040,"ENGY_elec_hi",4,21733373
2040,"ENGY_ngas_hi",1,9793802
2040,"ENGY_offc_off",26,0
2040,"ENGY_ptrl_hi",11,11973906
2040,"ENT_ent_ret",128,7613792
2040,"FIRE_fnin_off",184,63453760
2040,"FIRE_real_off",142,29945691
2040,"GOV_admn_gov",114,35207623
2040,"GOV_offc_off",181,0
2040,"HIED_hied_off_inst",91,8968200
2040,"HLTH_care_inst",109,9669406
2040,"HLTH_hosp_hosp",141,30800882
2040,"HLTH_othr_off_li",240,45420636
2040,"HOSP_acc_acc",43,7221517
2040,"HOSP_eat_ret_acc",264,25609171
2040,"INFO_info_off",63,0
2040,"INFO_info_off_li",13,29656818
2040,"K12_k12_k12",181,23579801
2040,"K12_k12_off",62,0
2040,"MFG_food_hi",15,21072543
2040,"MFG_food_li",15,21072543
2040,"MFG_htec_hi",4,39520803
2040,"MFG_htec_li",3,39520803
2040,"MFG_hvtw_hi",21,39926356
2040,"MFG_hvtw_li",21,39926356
2040,"MFG_lvtw_hi",10,23556925
2040,"MFG_offc_off",140,0
2040,"MFG_wdppr_hi",26,16568339
2040,"RES_agmin_ag",89,35838646
2040,"RES_forst_log",6,4456363
2040,"RES_offc_off",56,0
2040,"RET_auto_ret",106,17334168
2040,"RET_nstor_off",57,5208980
2040,"RET_stor_off",68,0
2040,"RET_stor_ret",274,38809995
2040,"SERV_bus_off",325,33092789
2040,"SERV_home_xxx",64,967626
2040,"SERV_nonp_off_inst",185,19908103
2040,"SERV_site_li",127,11398647
2040,"SERV_stor_ret",106,10698347
2040,"SERV_tech_off",568,48065824
2040,"TRNS_trns_off",60,0
2040,"TRNS_trns_ware",88,31247892
2040,"UTL_othr_off",21,0
2040,"UTL_othr_off_li",25,17354489
2040,"WHSL_offc_off",34,0
2040,"WHSL_whsl_ware",106,50714399
2041,"CNST_main_xxx",41,5893962
2041,"CNST_nres_xxx",73,10423428
2041,"CNST_offc_off",130,0
2041,"CNST_othr_xxx",89,13904988
2041,"CNST_res_xxx",49,10824131
2041,"ENGY_elec_hi",4,22305304
2041,"ENGY_ngas_hi",1,10051534
2041,"ENGY_offc_off",26,0
2041,"ENGY_ptrl_hi",11,12351037
2041,"ENT_ent_ret",130,7786964
2041,"FIRE_fnin_off",186,64860072
2041,"FIRE_real_off",142,30609370
2041,"GOV_admn_gov",113,35707829
2041,"GOV_offc_off",180,0
2041,"HIED_hied_off_inst",91,9118587
2041,"HLTH_care_inst",110,9912678
2041,"HLTH_hosp_hosp",142,31575800
2041,"HLTH_othr_off_li",242,46563373
2041,"HOSP_acc_acc",43,7385767
2041,"HOSP_eat_ret_acc",266,26191639
2041,"INFO_info_off",64,0
2041,"INFO_info_off_li",13,30348914
2041,"K12_k12_k12",182,23975209
2041,"K12_k12_off",62,0
2041,"MFG_food_hi",15,21472966
2041,"MFG_food_li",15,21472966
2041,"MFG_htec_hi",4,39744471
2041,"MFG_htec_li",3,39744471
2041,"MFG_hvtw_hi",21,41105275
2041,"MFG_hvtw_li",21,41105275
2041,"MFG_lvtw_hi",10,23986823
2041,"MFG_offc_off",140,0
2041,"MFG_wdppr_hi",26,16795806
2041,"RES_agmin_ag",89,36563823
2041,"RES_forst_log",6,4543215
2041,"RES_offc_off",56,0
2041,"RET_auto_ret",107,17779433
2041,"RET_nstor_off",58,5352559
2041,"RET_stor_off",68,0
2041,"RET_stor_ret",275,39879743
2041,"SERV_bus_off",328,33845468
2041,"SERV_home_xxx",65,989634
2041,"SERV_nonp_off_inst",186,20360903
2041,"SERV_site_li",128,11656714
2041,"SERV_stor_ret",106,10940724
2041,"SERV_tech_off",585,49159057
2041,"TRNS_trns_off",60,0
2041,"TRNS_trns_ware",88,32070205
2041,"UTL_othr_off",21,0
2041,"UTL_othr_off_li",25,17785224
2041,"WHSL_offc_off",34,0
2041,"WHSL_whsl_ware",106,52297101
